[
    {
        "type": "domestic",
        "list":[
            {
                "id":"0",
                "name":"北京"
            }, {
                "id": "1",
                "name": "上海"
            }, {
                "id": "2",
                "name": "云南"
            }, {
                "id": "3",
                "name": "西藏"
            }, {
                "id": "4",
                "name": "深圳"
            }, {
                "id": "5",
                "name": "广州"
            }, {
                "id": "6",
                "name": "杭州"
            }
        ]
    },
    {
        "type": "international",
        "list":[
             {
                 "id": "0",
                 "name": "加拿大"
             }, {
                 "id": "1",
                 "name": "多伦多"
             }, {
                 "id": "2",
                 "name": "温哥华"
             }, {
                 "id": "3",
                 "name": "法国"
             }, {
                 "id": "4",
                 "name": "美国"
             }, {
                 "id": "5",
                 "name": "新加坡"
             }, {
                 "id": "6",
                 "name": "澳大利亚"
             }
        ]
    }
]